timestamp,market_hash_name,currency,min_24h,max_24h,avg_24h,median_24h,vol_24h,min_7d,max_7d,avg_7d,median_7d,vol_7d,min_30d,max_30d,avg_30d,median_30d,vol_30d,min_90d,max_90d,avg_90d,median_90d,vol_90d,item_page,market_page
2026-09-18T09:29:16,AUG | Death by Puppy (Minimal Wear),USD,,,,,0,4.49,5.34,4.91,4.91,2,4.09,5.34,4.71,4.68,13,4.05,6.73,5.01,4.89,42,https://skinport.com/item/aug-death-by-puppy-minimal-wear,https://skinport.com/market?item=Death%20by%20Puppy&cat=Rifle&type=AUG
2026-09-18T09:29:16,★ Broken Fang Gloves | Needle Point (Well-Worn),USD,,,,,0,45.91,45.91,45.91,45.91,1,45.69,45.91,45.81,45.81,2,44.3,60.45,51.26,51.3,21,https://skinport.com/item/broken-fang-gloves-needle-point-well-worn,https://skinport.com/market?item=Needle%20Point&cat=Gloves&type=Broken%20Fang%20Gloves
2026-09-18T09:29:16,Desert Eagle | Kumicho Dragon (Minimal Wear),USD,25.24,66.15,36.12,26.54,4,24.11,66.15,28.92,26.5,16,22.89,66.15,28.53,28.24,70,22.89,66.15,29.92,29.92,233,https://skinport.com/item/desert-eagle-kumicho-dragon-minimal-wear,https://skinport.com/market?item=Kumicho%20Dragon&cat=Pistol&type=Desert%20Eagle
2026-09-18T09:29:16,Galil AR | Chromatic Aberration (Minimal Wear),USD,6.49,6.87,6.74,6.78,5,5.74,7.48,6.93,6.95,39,5.71,8.61,7.14,7.18,141,5.71,18.36,7.57,7.48,386,https://skinport.com/item/galil-ar-chromatic-aberration-minimal-wear,https://skinport.com/market?item=Chromatic%20Aberration&cat=Rifle&type=Galil%20AR
2026-09-18T09:29:16,M4A4 | Temukau (Field-Tested),USD,20.66,30.26,27.97,29.27,8,18.37,39.78,29.93,30,40,18.37,52.8,32.3,31.54,177,18.37,55.6,34.42,33.93,584,https://skinport.com/item/m4a4-temukau-field-tested,https://skinport.com/market?item=Temukau&cat=Rifle&type=M4A4
2026-09-18T09:29:16,MP7 | Smoking Kills (Minimal Wear),USD,12.1,12.95,12.63,12.83,3,11.48,13.83,12.74,12.79,18,10.33,22.85,13.32,13.14,79,10.32,22.85,14.38,14.27,268,https://skinport.com/item/mp7-smoking-kills-minimal-wear,https://skinport.com/market?item=Smoking%20Kills&cat=SMG&type=MP7
2026-09-18T09:29:16,MP9 | Latte Rush (Field-Tested),USD,12.27,12.27,12.27,12.27,1,10.45,12.67,12.03,12.31,12,10.11,23.92,12.55,12.27,47,10.11,46.18,17.64,16,146,https://skinport.com/item/mp9-latte-rush-field-tested,https://skinport.com/market?item=Latte%20Rush&cat=SMG&type=MP9
2026-09-18T09:29:16,★ Paracord Knife | Slaughter (Factory New),USD,,,,,0,123.98,130.86,127.06,126.28,5,115.74,192.78,132.33,129.88,19,115.74,192.78,139.54,137.78,74,https://skinport.com/item/paracord-knife-slaughter-factory-new,https://skinport.com/market?item=Slaughter&cat=Knife&type=Paracord%20Knife
2026-09-18T09:29:16,Special Agent Ava | FBI,USD,16.97,18.54,17.79,17.75,12,16.04,20.2,18.33,18.33,70,15.54,23.4,19,19.42,314,15.54,140.18,20.93,21.15,1032,https://skinport.com/item/special-agent-ava-fbi,https://skinport.com/market?item=Special%20Agent%20Ava&cat=Agent&type=FBI
2026-09-18T09:29:16,StatTrak™ AK-47 | Nightwish (Minimal Wear),USD,66.08,66.08,66.08,66.08,1,64.28,76.35,69.03,66.35,6,56.87,87.1,68.89,68.9,38,56.87,87.1,72.17,72.74,116,https://skinport.com/item/stattrak-ak-47-nightwish-minimal-wear,https://skinport.com/market?item=Nightwish&cat=Rifle&type=AK-47
2026-09-18T09:29:16,StatTrak™ AWP | Fever Dream (Minimal Wear),USD,,,,,0,21.55,24.26,23.01,23.2,3,20.32,27.23,23.67,23.73,17,20.17,51.66,25.94,25.23,52,https://skinport.com/item/stattrak-awp-fever-dream-minimal-wear,https://skinport.com/market?item=Fever%20Dream&cat=Rifle&type=AWP
2026-09-18T09:29:16,StatTrak™ SG 553 | Darkwing (Minimal Wear),USD,2.04,2.07,2.05,2.05,2,1.68,2.26,2.01,2.04,7,1.49,2.64,2.18,2.2,17,1.49,6.93,2.56,2.51,58,https://skinport.com/item/stattrak-sg-553-darkwing-minimal-wear,https://skinport.com/market?item=Darkwing&cat=Rifle&type=SG%20553
2026-09-18T09:29:16,Tec-9 | Jambiya (Minimal Wear),USD,,,,,0,1.54,1.57,1.56,1.56,2,1.46,2.1,1.72,1.62,11,1.45,2.59,1.94,1.92,51,https://skinport.com/item/tec-9-jambiya-minimal-wear,https://skinport.com/market?item=Jambiya&cat=Pistol&type=Tec-9
2026-09-18T09:29:16,The Elite Mr. Muhlik | Elite Crew,USD,,,,,0,9.05,10.95,9.98,10.08,24,8.61,20.27,10.45,10.21,124,8.61,20.27,11.69,11.99,455,https://skinport.com/item/the-elite-mr-muhlik-elite-crew,https://skinport.com/market?item=The%20Elite%20Mr.%20Muhlik&cat=Agent&type=Elite%20Crew
2026-09-18T09:29:16,XM1014 | Run Run Run (Factory New),USD,,,,,0,2.18,2.18,2.18,2.18,1,1.63,5.74,2.72,2.86,31,1.63,9.18,4.25,4.92,139,https://skinport.com/item/xm1014-run-run-run-factory-new,https://skinport.com/market?item=Run%20Run%20Run&cat=Heavy&type=XM1014
