market_hash_name,cost_basis,best_field,best_value,distance_to_cost,last_value,method,n_samples
Galil AR | Chromatic Aberration (Minimal Wear),8.08,median_7d,8.08,0.00,6.60,closest_to_cost_median_7d_iqr,60
StatTrak AWP | Fever Dream (Minimal Wear),25.70,median_7d,25.70,0.00,23.15,closest_to_cost_median_7d_iqr,59
Special Agent Ava | FBI,22.17,median_7d,22.20,0.03,17.94,closest_to_cost_median_7d_iqr,60
StatTrak SG 553 | Darkwing (Minimal Wear),1.92,median_7d,1.95,0.03,2.09,closest_to_cost_median_7d_iqr,60
M4A4 | Temukau (Field-Tested),34.84,median_7d,34.89,0.05,29.45,closest_to_cost_median_7d_iqr,60
StatTrak AK-47 | Nightwish (Minimal Wear),70.15,median_7d,70.20,0.05,64.86,closest_to_cost_median_7d_iqr,60
XM1014 | Run Run Run (Factory New),3.85,median_7d,3.52,0.33,1.82,closest_to_cost_median_7d_iqr,52
Tec-9 | Jambiya (Minimal Wear),0.86,median_7d,1.20,0.34,1.20,closest_to_cost_median_7d_iqr,53
The Elite Mr. Muhlik | Elite Crew,12.86,median_7d,12.45,0.41,9.47,closest_to_cost_median_7d_iqr,60
AUG | Death by Puppy (Minimal Wear),5.74,median_7d,5.19,0.55,4.16,closest_to_cost_median_7d_iqr,56
MP7 | Smoking Kills (Minimal Wear),15.34,median_7d,14.66,0.68,12.98,closest_to_cost_median_7d_iqr,60
Desert Eagle | Kumicho Dragon (Minimal Wear),31.75,median_7d,30.46,1.29,27.10,closest_to_cost_median_7d_iqr,60
Paracord Knife | Slaughter (Factory New),159.64,median_7d,149.75,9.89,127.32,closest_to_cost_median_7d_iqr,60
Broken Fang Gloves | Needle Point (Well-Worn),64.05,median_7d,51.76,12.29,,closest_to_cost_median_7d_iqr,37
MP9 | Latte Rush (Field-Tested),33.69,median_7d,17.11,16.58,11.06,closest_to_cost_median_7d_iqr,60
